movie_url,Scrape_Category
https://www.imdb.com/title/tt0213969/,Top Rated
https://www.imdb.com/title/tt0097576/,Top Rated
https://www.imdb.com/title/tt16492636/,Top Rated
https://www.imdb.com/title/tt0892425/,Top Rated
https://www.imdb.com/title/tt15119154/,Top Rated
https://www.imdb.com/title/tt15516018/,Top Rated
https://www.imdb.com/title/tt0120382/,Top Rated
https://www.imdb.com/title/tt0244316/,Top Rated
https://www.imdb.com/title/tt20784402/,Top Rated
https://www.imdb.com/title/tt0986329/,Top Rated
https://www.imdb.com/title/tt0155487/,Top Rated
https://www.imdb.com/title/tt3810932/,Top Rated
https://www.imdb.com/title/tt0107376/,Top Rated
https://www.imdb.com/title/tt26425683/,Top Rated
https://www.imdb.com/title/tt0253474/,Top Rated
https://www.imdb.com/title/tt0413615/,Top Rated
https://www.imdb.com/title/tt0179955/,Top Rated
https://www.imdb.com/title/tt31614983/,Top Rated
https://www.imdb.com/title/tt2700330/,Top Rated
https://www.imdb.com/title/tt17592606/,Top Rated
https://www.imdb.com/title/tt9708358/,Top Rated
https://www.imdb.com/title/tt2077886/,Top Rated
https://www.imdb.com/title/tt2374144/,Top Rated
https://www.imdb.com/title/tt0086231/,Top Rated
https://www.imdb.com/title/tt2396224/,Top Rated
https://www.imdb.com/title/tt0242256/,Top Rated
https://www.imdb.com/title/tt2351177/,Top Rated
https://www.imdb.com/title/tt0118521/,Top Rated
https://www.imdb.com/title/tt9151704/,Top Rated
https://www.imdb.com/title/tt1851909/,Top Rated
https://www.imdb.com/title/tt0187318/,Top Rated
https://www.imdb.com/title/tt22169746/,Top Rated
https://www.imdb.com/title/tt4139928/,Top Rated
https://www.imdb.com/title/tt0416960/,Top Rated
https://www.imdb.com/title/tt0978762/,Top Rated
https://www.imdb.com/title/tt0843326/,Top Rated
https://www.imdb.com/title/tt0111495/,Top Rated
https://www.imdb.com/title/tt0086879/,Top Rated
https://www.imdb.com/title/tt31592004/,Top Rated
https://www.imdb.com/title/tt29764940/,Top Rated
https://www.imdb.com/title/tt4154796/,Top Rated
https://www.imdb.com/title/tt1695800/,Top Rated
https://www.imdb.com/title/tt3696800/,Top Rated
https://www.imdb.com/title/tt1454029/,Top Rated
https://www.imdb.com/title/tt3315342/,Top Rated
https://www.imdb.com/title/tt3817950/,Top Rated
https://www.imdb.com/title/tt5016442/,Top Rated
https://www.imdb.com/title/tt0088040/,Top Rated
https://www.imdb.com/title/tt8291224/,Top Rated
https://www.imdb.com/title/tt1094594/,Top Rated
https://www.imdb.com/title/tt5086104/,Top Rated
https://www.imdb.com/title/tt1649431/,Top Rated
https://www.imdb.com/title/tt10469118/,Top Rated
https://www.imdb.com/title/tt32126803/,Top Rated
https://www.imdb.com/title/tt3011894/,Top Rated
https://www.imdb.com/title/tt1501298/,Top Rated
https://www.imdb.com/title/tt33088719/,Top Rated
https://www.imdb.com/title/tt0258490/,Top Rated
https://www.imdb.com/title/tt2181831/,Top Rated
https://www.imdb.com/title/tt1339248/,Top Rated
https://www.imdb.com/title/tt10280296/,Top Rated
https://www.imdb.com/title/tt5929776/,Top Rated
https://www.imdb.com/title/tt8637504/,Top Rated
https://www.imdb.com/title/tt0364569/,Top Rated
https://www.imdb.com/title/tt5954462/,Top Rated
https://www.imdb.com/title/tt21093976/,Top Rated
https://www.imdb.com/title/tt5895028/,Top Rated
https://www.imdb.com/title/tt5813916/,Top Rated
https://www.imdb.com/title/tt0355169/,Top Rated
https://www.imdb.com/title/tt1933535/,Top Rated
https://www.imdb.com/title/tt4689268/,Top Rated
https://www.imdb.com/title/tt11396310/,Top Rated
https://www.imdb.com/title/tt3302820/,Top Rated
https://www.imdb.com/title/tt30953759/,Top Rated
https://www.imdb.com/title/tt0116231/,Top Rated
https://www.imdb.com/title/tt6966692/,Top Rated
https://www.imdb.com/title/tt0093058/,Top Rated
https://www.imdb.com/title/tt1606829/,Top Rated
https://www.imdb.com/title/tt6156350/,Top Rated
https://www.imdb.com/title/tt1950186/,Top Rated
https://www.imdb.com/title/tt1517561/,Top Rated
https://www.imdb.com/title/tt0108429/,Top Rated
https://www.imdb.com/title/tt3607198/,Top Rated
https://www.imdb.com/title/tt32117939/,Top Rated
https://www.imdb.com/title/tt5027774/,Top Rated
https://www.imdb.com/title/tt5959980/,Top Rated
https://www.imdb.com/title/tt0169858/,Top Rated
https://www.imdb.com/title/tt32089590/,Top Rated
https://www.imdb.com/title/tt2412748/,Top Rated
https://www.imdb.com/title/tt0259534/,Top Rated
https://www.imdb.com/title/tt18184122/,Top Rated
https://www.imdb.com/title/tt7738784/,Top Rated
https://www.imdb.com/title/tt8638420/,Top Rated
https://www.imdb.com/title/tt8747560/,Top Rated
https://www.imdb.com/title/tt3917908/,Top Rated
https://www.imdb.com/title/tt0090109/,Top Rated
https://www.imdb.com/title/tt5691226/,Top Rated
https://www.imdb.com/title/tt2044774/,Top Rated
https://www.imdb.com/title/tt0119698/,Top Rated
https://www.imdb.com/title/tt10687070/,Top Rated
https://www.imdb.com/title/tt0097437/,Top Rated
https://www.imdb.com/title/tt0476735/,Top Rated
https://www.imdb.com/title/tt0242519/,Top Rated
https://www.imdb.com/title/tt0155265/,Top Rated
https://www.imdb.com/title/tt3322420/,Top Rated
https://www.imdb.com/title/tt0167331/,Top Rated
https://www.imdb.com/title/tt0469785/,Top Rated
https://www.imdb.com/title/tt9351746/,Top Rated
https://www.imdb.com/title/tt4943992/,Top Rated
https://www.imdb.com/title/tt30217930/,Top Rated
https://www.imdb.com/title/tt0084787/,Top Rated
https://www.imdb.com/title/tt0459516/,Top Rated
https://www.imdb.com/title/tt5510934/,Top Rated
https://www.imdb.com/title/tt5963218/,Top Rated
https://www.imdb.com/title/tt2085783/,Top Rated
https://www.imdb.com/title/tt2380307/,Top Rated
https://www.imdb.com/title/tt0116282/,Top Rated
https://www.imdb.com/title/tt0111161/,Top Rated
https://www.imdb.com/title/tt1512888/,Top Rated
https://www.imdb.com/title/tt0376127/,Top Rated
https://www.imdb.com/title/tt0084780/,Top Rated
https://www.imdb.com/title/tt0911010/,Top Rated
https://www.imdb.com/title/tt8176054/,Top Rated
https://www.imdb.com/title/tt6223974/,Top Rated
https://www.imdb.com/title/tt3982254/,Top Rated
https://www.imdb.com/title/tt0983990/,Top Rated
https://www.imdb.com/title/tt28023902/,Top Rated
https://www.imdb.com/title/tt27118357/,Top Rated
https://www.imdb.com/title/tt4908644/,Top Rated
https://www.imdb.com/title/tt8006926/,Top Rated
https://www.imdb.com/title/tt4909506/,Top Rated
https://www.imdb.com/title/tt6481232/,Top Rated
https://www.imdb.com/title/tt0274012/,Top Rated
https://www.imdb.com/title/tt12850582/,Top Rated
https://www.imdb.com/title/tt4983780/,Top Rated
https://www.imdb.com/title/tt5867800/,Top Rated
https://www.imdb.com/title/tt0085178/,Top Rated
https://www.imdb.com/title/tt8110330/,Top Rated
https://www.imdb.com/title/tt15151020/,Top Rated
https://www.imdb.com/title/tt11739498/,Top Rated
https://www.imdb.com/title/tt1821317/,Top Rated
https://www.imdb.com/title/tt29284103/,Top Rated
https://www.imdb.com/title/tt13440294/,Top Rated
https://www.imdb.com/title/tt6750852/,Top Rated
https://www.imdb.com/title/tt2267998/,Top Rated
https://www.imdb.com/title/tt0278501/,Top Rated
https://www.imdb.com/title/tt32292009/,Top Rated
https://www.imdb.com/title/tt4020156/,Top Rated
https://www.imdb.com/title/tt13097434/,Top Rated
https://www.imdb.com/title/tt6546810/,Top Rated
https://www.imdb.com/title/tt5190958/,Top Rated
https://www.imdb.com/title/tt32856857/,Top Rated
https://www.imdb.com/title/tt10765852/,Top Rated
https://www.imdb.com/title/tt0249027/,Top Rated
https://www.imdb.com/title/tt6346162/,Top Rated
https://www.imdb.com/title/tt0095657/,Top Rated
https://www.imdb.com/title/tt0380275/,Top Rated
https://www.imdb.com/title/tt3189256/,Top Rated
https://www.imdb.com/title/tt6988366/,Top Rated
https://www.imdb.com/title/tt0312859/,Top Rated
https://www.imdb.com/title/tt30818503/,Top Rated
https://www.imdb.com/title/tt1609168/,Top Rated
https://www.imdb.com/title/tt2330098/,Top Rated
https://www.imdb.com/title/tt25433734/,Top Rated
https://www.imdb.com/title/tt0083275/,Top Rated
https://www.imdb.com/title/tt27007466/,Top Rated
https://www.imdb.com/title/tt0093603/,Top Rated
https://www.imdb.com/title/tt5258388/,Top Rated
https://www.imdb.com/title/tt0092005/,Top Rated
https://www.imdb.com/title/tt0191043/,Top Rated
https://www.imdb.com/title/tt5323662/,Top Rated
https://www.imdb.com/title/tt14986224/,Top Rated
https://www.imdb.com/title/tt19396786/,Top Rated
https://www.imdb.com/title/tt2415372/,Top Rated
https://www.imdb.com/title/tt0425162/,Top Rated
https://www.imdb.com/title/tt32134802/,Top Rated
https://www.imdb.com/title/tt5311546/,Top Rated
https://www.imdb.com/title/tt2146960/,Top Rated
https://www.imdb.com/title/tt0088031/,Top Rated
https://www.imdb.com/title/tt0082096/,Top Rated
https://www.imdb.com/title/tt10189514/,Top Rated
https://www.imdb.com/title/tt27611340/,Top Rated
https://www.imdb.com/title/tt0108490/,Top Rated
https://www.imdb.com/title/tt1778338/,Top Rated
https://www.imdb.com/title/tt9362722/,Top Rated
https://www.imdb.com/title/tt0353969/,Top Rated
https://www.imdb.com/title/tt0102926/,Top Rated
https://www.imdb.com/title/tt1392190/,Top Rated
https://www.imdb.com/title/tt7019842/,Top Rated
https://www.imdb.com/title/tt0081331/,Top Rated
https://www.imdb.com/title/tt5354160/,Top Rated
https://www.imdb.com/title/tt19394770/,Top Rated
https://www.imdb.com/title/tt0095765/,Top Rated
https://www.imdb.com/title/tt8185004/,Top Rated
https://www.imdb.com/title/tt0453729/,Top Rated
https://www.imdb.com/title/tt0480732/,Top Rated
https://www.imdb.com/title/tt1152758/,Top Rated
https://www.imdb.com/title/tt1935109/,Top Rated
https://www.imdb.com/title/tt2877108/,Top Rated
https://www.imdb.com/title/tt1715802/,Top Rated
https://www.imdb.com/title/tt0770802/,Top Rated
https://www.imdb.com/title/tt0167404/,Top Rated
https://www.imdb.com/title/tt0378647/,Top Rated
https://www.imdb.com/title/tt33175825/,Top Rated
https://www.imdb.com/title/tt1675434/,Top Rated
https://www.imdb.com/title/tt31579728/,Top Rated
https://www.imdb.com/title/tt0086230/,Top Rated
https://www.imdb.com/title/tt10121372/,Top Rated
https://www.imdb.com/title/tt15548416/,Top Rated
https://www.imdb.com/title/tt7905466/,Top Rated
https://www.imdb.com/title/tt14176094/,Top Rated
https://www.imdb.com/title/tt0282778/,Top Rated
https://www.imdb.com/title/tt0363163/,Top Rated
https://www.imdb.com/title/tt10706602/,Top Rated
https://www.imdb.com/title/tt4115752/,Top Rated
https://www.imdb.com/title/tt0110912/,Top Rated
https://www.imdb.com/title/tt25234532/,Top Rated
https://www.imdb.com/title/tt2179133/,Top Rated
https://www.imdb.com/title/tt1603362/,Top Rated
https://www.imdb.com/title/tt9477520/,Top Rated
https://www.imdb.com/title/tt0101985/,Top Rated
https://www.imdb.com/title/tt32982630/,Top Rated
https://www.imdb.com/title/tt0110413/,Top Rated
https://www.imdb.com/title/tt0419781/,Top Rated
https://www.imdb.com/title/tt23849204/,Top Rated
https://www.imdb.com/title/tt0316078/,Top Rated
https://www.imdb.com/title/tt8267604/,Top Rated
https://www.imdb.com/title/tt5889462/,Top Rated
https://www.imdb.com/title/tt0120586/,Top Rated
https://www.imdb.com/title/tt0112553/,Top Rated
https://www.imdb.com/title/tt0993846/,Top Rated
https://www.imdb.com/title/tt0346336/,Top Rated
https://www.imdb.com/title/tt10698680/,Top Rated
https://www.imdb.com/title/tt1895484/,Top Rated
https://www.imdb.com/title/tt2106476/,Top Rated
https://www.imdb.com/search/title/,Top Rated
https://www.imdb.com/title/tt6316138/,Top Rated
https://www.imdb.com/title/tt26458038/,Top Rated
https://www.imdb.com/title/tt4393514/,Top Rated
https://www.imdb.com/title/tt5494396/,Top Rated
https://www.imdb.com/title/tt6328046/,Top Rated
https://www.imdb.com/title/tt0292174/,Top Rated
https://www.imdb.com/title/tt28970800/,Top Rated
https://www.imdb.com/title/tt13524234/,Top Rated
https://www.imdb.com/title/tt19730338/,Top Rated
https://www.imdb.com/title/tt26678995/,Top Rated
https://www.imdb.com/title/tt4476736/,Top Rated
https://www.imdb.com/title/tt0120737/,Top Rated
https://www.imdb.com/title/tt0083652/,Top Rated
https://www.imdb.com/title/tt1853728/,Top Rated
https://www.imdb.com/title/tt9900782/,Top Rated
https://www.imdb.com/title/tt34498407/,Top Rated
https://www.imdb.com/title/tt0082317/,Top Rated
https://www.imdb.com/title/tt8144834/,Top Rated
https://www.imdb.com/title/tt10919132/,Top Rated
https://www.imdb.com/title/tt4432480/,Top Rated
https://www.imdb.com/title/tt0243971/,Top Rated
https://www.imdb.com/title/tt0097372/,Top Rated
https://www.imdb.com/title/tt0462441/,Top Rated
https://www.imdb.com/title/tt11992424/,Top Rated
https://www.imdb.com/title/tt13876280/,Top Rated
https://www.imdb.com/title/tt6332276/,Top Rated
https://www.imdb.com/title/tt0457430/,Top Rated
https://www.imdb.com/title/tt0471571/,Top Rated
https://www.imdb.com/title/tt0137523/,Top Rated
https://www.imdb.com/title/tt0405094/,Top Rated
https://www.imdb.com/title/tt32222964/,Top Rated
https://www.imdb.com/title/tt10431500/,Top Rated
https://www.imdb.com/title/tt0301634/,Top Rated
https://www.imdb.com/title/tt15964372/,Top Rated
https://www.imdb.com/title/tt2278388/,Top Rated
https://www.imdb.com/title/tt0133826/,Top Rated
https://www.imdb.com/title/tt0468569/,Top Rated
https://www.imdb.com/title/tt2082197/,Top Rated
https://www.imdb.com/title/tt1639426/,Top Rated
https://www.imdb.com/title/tt0105575/,Top Rated
https://www.imdb.com/title/tt0112373/,Top Rated
https://www.imdb.com/title/tt32310205/,Top Rated
https://www.imdb.com/title/tt0353975/,Top Rated
https://www.imdb.com/title/tt3805052/,Top Rated
https://www.imdb.com/title/tt0237376/,Top Rated
https://www.imdb.com/title/tt7941892/,Top Rated
https://www.imdb.com/title/tt8784906/,Top Rated
https://www.imdb.com/title/tt0355742/,Top Rated
https://www.imdb.com/title/tt6794424/,Top Rated
https://www.imdb.com/title/tt3313066/,Top Rated
https://www.imdb.com/title/tt4641828/,Top Rated
https://www.imdb.com/title/tt20256528/,Top Rated
https://www.imdb.com/title/tt0090015/,Top Rated
https://www.imdb.com/title/tt1353033/,Top Rated
https://www.imdb.com/title/tt0354148/,Top Rated
https://www.imdb.com/title/tt2218988/,Top Rated
https://www.imdb.com/title/tt24807190/,Top Rated
https://www.imdb.com/title/tt0458050/,Top Rated
https://www.imdb.com/title/tt0267277/,Top Rated
https://www.imdb.com/title/tt7286916/,Top Rated
https://www.imdb.com/title/tt28504359/,Top Rated
https://www.imdb.com/title/tt2083271/,Top Rated
https://www.imdb.com/title/tt1113829/,Top Rated
https://www.imdb.com/title/tt0912593/,Top Rated
https://www.imdb.com/title/tt0095016/,Top Rated
https://www.imdb.com/title/tt10811166/,Top Rated
https://www.imdb.com/title/tt0081505/,Top Rated
https://www.imdb.com/title/tt0110357/,Top Rated
https://www.imdb.com/title/tt11290556/,Top Rated
https://www.imdb.com/title/tt1801071/,Top Rated
https://www.imdb.com/title/tt0281063/,Top Rated
https://www.imdb.com/title/tt0083658/,Top Rated
https://www.imdb.com/title/tt0093427/,Top Rated
https://www.imdb.com/title/tt0347149/,Top Rated
https://www.imdb.com/title/tt17274522/,Top Rated
https://www.imdb.com/title/tt29341882/,Top Rated
https://www.imdb.com/title/tt0249047/,Top Rated
https://www.imdb.com/title/tt27161773/,Top Rated
https://www.imdb.com/title/tt30895834/,Top Rated
https://www.imdb.com/title/tt5005684/,Top Rated
https://www.imdb.com/title/tt11423818/,Top Rated
https://www.imdb.com/title/tt5552086/,Top Rated
https://www.imdb.com/title/tt0110057/,Top Rated
https://www.imdb.com/title/tt2265179/,Top Rated
https://www.imdb.com/title/tt2593392/,Top Rated
https://www.imdb.com/title/tt4640206/,Top Rated
https://www.imdb.com/title/tt13206564/,Top Rated
https://www.imdb.com/title/tt0104860/,Top Rated
https://www.imdb.com/title/tt0167261/,Top Rated
https://www.imdb.com/title/tt0107290/,Top Rated
https://www.imdb.com/title/tt1789810/,Top Rated
https://www.imdb.com/title/tt0103767/,Top Rated
https://www.imdb.com/title/tt0105208/,Top Rated
https://www.imdb.com/title/tt0285665/,Top Rated
https://www.imdb.com/title/tt9098872/,Top Rated
https://www.imdb.com/title/tt0264476/,Top Rated
https://www.imdb.com/title/tt3590482/,Top Rated
https://www.imdb.com/title/tt0087843/,Top Rated
https://www.imdb.com/title/tt8602654/,Top Rated
https://www.imdb.com/title/tt4729430/,Top Rated
https://www.imdb.com/title/tt0080856/,Top Rated
https://www.imdb.com/title/tt0262240/,Top Rated
https://www.imdb.com/title/tt1821480/,Top Rated
https://www.imdb.com/title/tt10766468/,Top Rated
https://www.imdb.com/title/tt1795369/,Top Rated
https://www.imdb.com/title/tt7286456/,Top Rated
https://www.imdb.com/title/tt31051322/,Top Rated
https://www.imdb.com/title/tt0892375/,Top Rated
https://www.imdb.com/title/tt23647024/,Top Rated
https://www.imdb.com/title/tt15264532/,Top Rated
https://www.imdb.com/title/tt0131636/,Top Rated
https://www.imdb.com/title/tt0201368/,Top Rated
https://www.imdb.com/title/tt8737152/,Top Rated
https://www.imdb.com/title/tt29959426/,Top Rated
https://www.imdb.com/title/tt0104561/,Top Rated
https://www.imdb.com/title/tt1645089/,Top Rated
https://www.imdb.com/title/tt0086935/,Top Rated
https://www.imdb.com/title/tt10709114/,Top Rated
https://www.imdb.com/title/tt8239946/,Top Rated
https://www.imdb.com/title/tt1417592/,Top Rated
https://www.imdb.com/title/tt15049118/,Top Rated
https://www.imdb.com/title/tt31474455/,Top Rated
https://www.imdb.com/title/tt0271459/,Top Rated
https://www.imdb.com/title/tt0759952/,Top Rated
https://www.imdb.com/title/tt6751668/,Top Rated
https://www.imdb.com/title/tt5082014/,Top Rated
https://www.imdb.com/title/tt3668162/,Top Rated
https://www.imdb.com/title/tt3521134/,Top Rated
https://www.imdb.com/title/tt0494831/,Top Rated
https://www.imdb.com/title/tt0097223/,Top Rated
https://www.imdb.com/title/tt0129167/,Top Rated
https://www.imdb.com/title/tt0251355/,Top Rated
https://www.imdb.com/title/tt0085809/,Top Rated
https://www.imdb.com/title/tt4846952/,Top Rated
https://www.imdb.com/title/tt0097851/,Top Rated
https://www.imdb.com/title/tt0405159/,Top Rated
https://www.imdb.com/title/tt0118849/,Top Rated
https://www.imdb.com/title/tt1826603/,Top Rated
https://www.imdb.com/title/tt0400234/,Top Rated
https://www.imdb.com/title/tt10545076/,Top Rated
https://www.imdb.com/title/tt0091256/,Top Rated
https://www.imdb.com/title/tt6321972/,Top Rated
https://www.imdb.com/title/tt0106332/,Top Rated
https://www.imdb.com/title/tt2356180/,Top Rated
https://www.imdb.com/title/tt4987556/,Top Rated
https://www.imdb.com/title/tt21626284/,Top Rated
https://www.imdb.com/title/tt13582682/,Top Rated
https://www.imdb.com/title/tt16901072/,Top Rated
https://www.imdb.com/title/tt3557258/,Top Rated
https://www.imdb.com/title/tt0317248/,Top Rated
https://www.imdb.com/title/tt32341602/,Top Rated
https://www.imdb.com/title/tt11916302/,Top Rated
https://www.imdb.com/title/tt0325980/,Top Rated
https://www.imdb.com/title/tt20850406/,Top Rated
https://www.imdb.com/title/tt2024544/,Top Rated
https://www.imdb.com/title/tt0140534/,Top Rated
https://www.imdb.com/title/tt12054850/,Top Rated
https://www.imdb.com/title/tt0867145/,Top Rated
https://www.imdb.com/title/tt0084302/,Top Rated
https://www.imdb.com/title/tt1626820/,Top Rated
https://www.imdb.com/title/tt4635372/,Top Rated
https://www.imdb.com/title/tt33428606/,Top Rated
https://www.imdb.com/title/tt29354040/,Top Rated
https://www.imdb.com/title/tt0087488/,Top Rated
https://www.imdb.com/title/tt1692928/,Top Rated
https://www.imdb.com/title/tt0275942/,Top Rated
https://www.imdb.com/title/tt0374887/,Top Rated
https://www.imdb.com/title/tt9851854/,Top Rated
https://www.imdb.com/title/tt11737772/,Top Rated
https://www.imdb.com/title/tt0266697/,Top Rated
https://www.imdb.com/title/tt34365591/,Top Rated
https://www.imdb.com/title/tt4991384/,Top Rated
https://www.imdb.com/title/tt0209144/,Top Rated
https://www.imdb.com/title/tt0080321/,Top Rated
https://www.imdb.com/title/tt0839967/,Top Rated
https://www.imdb.com/title/tt0170783/,Top Rated
https://www.imdb.com/title/tt0087884/,Top Rated
https://www.imdb.com/title/tt0807956/,Top Rated
https://www.imdb.com/title/tt10324144/,Top Rated
https://www.imdb.com/title/tt3084114/,Top Rated
https://www.imdb.com/title/tt0079889/,Top Rated
https://www.imdb.com/title/tt8652818/,Top Rated
https://www.imdb.com/title/tt1034053/,Top Rated
https://www.imdb.com/title/tt32106143/,Top Rated
https://www.imdb.com/title/tt30394627/,Top Rated
https://www.imdb.com/title/tt15891774/,Top Rated
https://www.imdb.com/title/tt10702760/,Top Rated
https://www.imdb.com/title/tt19853258/,Top Rated
https://www.imdb.com/title/tt0118799/,Top Rated
https://www.imdb.com/title/tt16103606/,Top Rated
https://www.imdb.com/title/tt8618654/,Top Rated
https://www.imdb.com/title/tt32903026/,Top Rated
https://www.imdb.com/title/tt2022522/,Top Rated
https://www.imdb.com/title/tt9263550/,Top Rated
https://www.imdb.com/title/tt2325915/,Top Rated
https://www.imdb.com/title/tt20764956/,Top Rated
https://www.imdb.com/title/tt0086190/,Top Rated
https://www.imdb.com/title/tt0372784/,Top Rated
https://www.imdb.com/title/tt1646967/,Top Rated
https://www.imdb.com/title/tt0425333/,Top Rated
https://www.imdb.com/title/tt2140203/,Top Rated
https://www.imdb.com/title/tt1049413/,Top Rated
https://www.imdb.com/title/tt0375093/,Top Rated
https://www.imdb.com/title/tt0084304/,Top Rated
https://www.imdb.com/title/tt5504168/,Top Rated
https://www.imdb.com/title/tt1745960/,Top Rated
https://www.imdb.com/title/tt14888860/,Top Rated
https://www.imdb.com/title/tt1545103/,Top Rated
https://www.imdb.com/title/tt16492678/,Top Rated
https://www.imdb.com/title/tt1313104/,Top Rated
https://www.imdb.com/title/tt31100572/,Top Rated
https://www.imdb.com/title/tt0113247/,Top Rated
https://www.imdb.com/title/tt0314067/,Top Rated
https://www.imdb.com/title/tt2375605/,Top Rated
https://www.imdb.com/title/tt0082087/,Top Rated
https://www.imdb.com/title/tt3033536/,Top Rated
https://www.imdb.com/title/tt1809387/,Top Rated
https://www.imdb.com/title/tt0087301/,Top Rated
https://www.imdb.com/title/tt11546078/,Top Rated
https://www.imdb.com/title/tt0080684/,Top Rated
https://www.imdb.com/title/tt14961016/,Top Rated
https://www.imdb.com/title/tt0298350/,Top Rated
https://www.imdb.com/title/tt15417090/,Top Rated
https://www.imdb.com/title/tt0120815/,Top Rated
https://www.imdb.com/title/tt9052870/,Top Rated
https://www.imdb.com/title/tt33810459/,Top Rated
https://www.imdb.com/title/tt0469494/,Top Rated
https://www.imdb.com/title/tt1618448/,Top Rated
https://www.imdb.com/title/tt7953814/,Top Rated
https://www.imdb.com/title/tt4934950/,Top Rated
https://www.imdb.com/title/tt7060460/,Top Rated
https://www.imdb.com/title/tt8948790/,Top Rated
https://www.imdb.com/title/tt0215517/,Top Rated
https://www.imdb.com/title/tt5338620/,Top Rated
https://www.imdb.com/title/tt0098573/,Top Rated
https://www.imdb.com/title/tt1180583/,Top Rated
https://www.imdb.com/title/tt29515802/,Top Rated
https://www.imdb.com/title/tt16211122/,Top Rated
https://www.imdb.com/title/tt5777628/,Top Rated
https://www.imdb.com/title/tt0118715/,Top Rated
https://www.imdb.com/title/tt0424435/,Top Rated
https://www.imdb.com/title/tt13243898/,Top Rated
https://www.imdb.com/title/tt7320560/,Top Rated
https://www.imdb.com/title/tt0082755/,Top Rated
https://www.imdb.com/title/tt23453382/,Top Rated
https://www.imdb.com/title/tt1165293/,Top Rated
https://www.imdb.com/title/tt0117951/,Top Rated
https://www.imdb.com/title/tt2283748/,Top Rated
https://www.imdb.com/title/tt19638504/,Top Rated
https://www.imdb.com/title/tt5460658/,Top Rated
https://www.imdb.com/title/tt0088338/,Top Rated
https://www.imdb.com/title/tt0466460/,Top Rated
https://www.imdb.com/title/tt0245429/,Top Rated
https://www.imdb.com/title/tt0117293/,Top Rated
https://www.imdb.com/title/tt32728672/,Top Rated
https://www.imdb.com/title/tt4430212/,Top Rated
https://www.imdb.com/title/tt0255643/,Top Rated
https://www.imdb.com/title/tt0090605/,Top Rated
https://www.imdb.com/title/tt1590129/,Top Rated
https://www.imdb.com/title/tt0119217/,Top Rated
https://www.imdb.com/title/tt4154756/,Top Rated
https://www.imdb.com/title/tt9509866/,Top Rated
https://www.imdb.com/title/tt0096827/,Top Rated
https://www.imdb.com/title/tt1392214/,Top Rated
https://www.imdb.com/title/tt11953248/,Top Rated
https://www.imdb.com/title/tt21272942/,Top Rated
https://www.imdb.com/title/tt33022424/,Top Rated
https://www.imdb.com/title/tt0117555/,Top Rated
https://www.imdb.com/title/tt1781069/,Top Rated
https://www.imdb.com/title/tt27510137/,Top Rated
https://www.imdb.com/title/tt0237682/,Top Rated
https://www.imdb.com/title/tt7775622/,Top Rated
https://www.imdb.com/title/tt14090476/,Top Rated
https://www.imdb.com/title/tt0076276/,Top Rated
https://www.imdb.com/title/tt3178292/,Top Rated
https://www.imdb.com/title/tt0139876/,Top Rated
https://www.imdb.com/title/tt10123970/,Top Rated
https://www.imdb.com/title/tt3438252/,Top Rated
https://www.imdb.com/title/tt7581572/,Top Rated
https://www.imdb.com/title/tt1634013/,Top Rated
https://www.imdb.com/title/tt0483180/,Top Rated
https://www.imdb.com/title/tt1670703/,Top Rated
https://www.imdb.com/title/tt11032374/,Top Rated
https://www.imdb.com/title/tt31897337/,Top Rated
https://www.imdb.com/title/tt3784160/,Top Rated
https://www.imdb.com/title/tt0119385/,Top Rated
https://www.imdb.com/title/tt0910970/,Top Rated
https://www.imdb.com/title/tt16211650/,Top Rated
https://www.imdb.com/title/tt10442108/,Top Rated
https://www.imdb.com/title/tt5311514/,Top Rated
https://www.imdb.com/title/tt0237138/,Top Rated
https://www.imdb.com/title/tt0155329/,Top Rated
https://www.imdb.com/title/tt10767976/,Top Rated
https://www.imdb.com/title/tt1881010/,Top Rated
https://www.imdb.com/title/tt1828232/,Top Rated
https://www.imdb.com/title/tt1891757/,Top Rated
https://www.imdb.com/title/tt0093342/,Top Rated
https://www.imdb.com/title/tt0198781/,Top Rated
https://www.imdb.com/title/tt14064760/,Top Rated
https://www.imdb.com/title/tt29684697/,Top Rated
https://www.imdb.com/title/tt0270321/,Top Rated
https://www.imdb.com/title/tt0088178/,Top Rated
https://www.imdb.com/title/tt31029309/,Top Rated
https://www.imdb.com/title/tt1895587/,Top Rated
https://www.imdb.com/title/tt0099685/,Top Rated
https://www.imdb.com/title/tt0358456/,Top Rated
https://www.imdb.com/title/tt2558550/,Top Rated
https://www.imdb.com/title/tt7465992/,Top Rated
https://www.imdb.com/title/tt0095467/,Top Rated
https://www.imdb.com/title/tt0108052/,Top Rated
https://www.imdb.com/title/tt0345177/,Top Rated
https://www.imdb.com/title/tt0342804/,Top Rated
https://www.imdb.com/title/tt9850386/,Top Rated
https://www.imdb.com/title/tt4203824/,Top Rated
https://www.imdb.com/title/tt0116630/,Top Rated
https://www.imdb.com/title/tt1832382/,Top Rated
https://www.imdb.com/title/tt0389448/,Top Rated
https://www.imdb.com/title/tt3674140/,Top Rated
https://www.imdb.com/title/tt27410896/,Top Rated
https://www.imdb.com/title/tt3970482/,Top Rated
https://www.imdb.com/title/tt0114814/,Top Rated
https://www.imdb.com/title/tt0252196/,Top Rated
https://www.imdb.com/title/tt6380520/,Top Rated
https://www.imdb.com/title/tt11101698/,Top Rated
https://www.imdb.com/title/tt0169102/,Top Rated
https://www.imdb.com/title/tt0265730/,Top Rated
https://www.imdb.com/title/tt0271694/,Top Rated
https://www.imdb.com/title/tt24082438/,Top Rated
https://www.imdb.com/title/tt4429128/,Top Rated
https://www.imdb.com/title/tt5565670/,Top Rated
https://www.imdb.com/title/tt0214585/,Top Rated
https://www.imdb.com/title/tt0102369/,Top Rated
https://www.imdb.com/title/tt7391996/,Top Rated
https://www.imdb.com/title/tt3569782/,Top Rated
https://www.imdb.com/title/tt30836377/,Top Rated
https://www.imdb.com/title/tt0097099/,Top Rated
https://www.imdb.com/title/tt0292319/,Top Rated
https://www.imdb.com/title/tt5027202/,Top Rated
https://www.imdb.com/title/tt4733046/,Top Rated
https://www.imdb.com/title/tt0114709/,Top Rated
https://www.imdb.com/title/tt1857670/,Top Rated
https://www.imdb.com/title/tt26548265/,Top Rated
https://www.imdb.com/title/tt5331594/,Top Rated
https://www.imdb.com/title/tt32881480/,Top Rated
https://www.imdb.com/title/tt28285070/,Top Rated
https://www.imdb.com/title/tt8108198/,Top Rated
https://www.imdb.com/title/tt0105236/,Top Rated
https://www.imdb.com/title/tt0106534/,Top Rated
https://www.imdb.com/title/tt0249361/,Top Rated
https://www.imdb.com/title/tt26541225/,Top Rated
https://www.imdb.com/title/tt0405508/,Top Rated
https://www.imdb.com/title/tt33291011/,Top Rated
https://www.imdb.com/title/tt1014762/,Top Rated
https://www.imdb.com/title/tt18568902/,Top Rated
https://www.imdb.com/title/tt0375611/,Top Rated
https://www.imdb.com/title/tt0088763/,Top Rated
https://www.imdb.com/title/tt1345836/,Top Rated
https://www.imdb.com/title/tt0330243/,Top Rated
https://www.imdb.com/title/tt0140348/,Top Rated
https://www.imdb.com/title/tt3394420/,Top Rated
https://www.imdb.com/title/tt11851698/,Top Rated
https://www.imdb.com/title/tt2249826/,Top Rated
https://www.imdb.com/title/tt0249336/,Top Rated
https://www.imdb.com/title/tt0205306/,Top Rated
https://www.imdb.com/title/tt10272386/,Top Rated
https://www.imdb.com/title/tt1291584/,Top Rated
https://www.imdb.com/title/tt13357492/,Top Rated
https://www.imdb.com/title/tt4228378/,Top Rated
https://www.imdb.com/title/tt10872600/,Top Rated
https://www.imdb.com/title/tt1361558/,Top Rated
https://www.imdb.com/title/tt10545484/,Top Rated
https://www.imdb.com/title/tt1029172/,Top Rated
https://www.imdb.com/title/tt1922545/,Top Rated
https://www.imdb.com/title/tt10534500/,Top Rated
https://www.imdb.com/title/tt29623480/,Top Rated
https://www.imdb.com/title/tt13391710/,Top Rated
https://www.imdb.com/title/tt0200087/,Top Rated
https://www.imdb.com/title/tt2152896/,Top Rated
https://www.imdb.com/title/tt5312232/,Top Rated
https://www.imdb.com/title/tt10370116/,Top Rated
https://www.imdb.com/title/tt9124428/,Top Rated
https://www.imdb.com/title/tt0351817/,Top Rated
https://www.imdb.com/title/tt24516518/,Top Rated
https://www.imdb.com/title/tt0088275/,Top Rated
https://www.imdb.com/title/tt2827320/,Top Rated
https://www.imdb.com/title/tt3031654/,Top Rated
https://www.imdb.com/title/tt2292576/,Top Rated
https://www.imdb.com/title/tt0249188/,Top Rated
https://www.imdb.com/title/tt0093312/,Top Rated
https://www.imdb.com/title/tt15239678/,Top Rated
https://www.imdb.com/title/tt0088247/,Top Rated
https://www.imdb.com/title/tt0319836/,Top Rated
https://www.imdb.com/title/tt26420234/,Top Rated
https://www.imdb.com/title/tt21261388/,Top Rated
https://www.imdb.com/title/tt0283524/,Top Rated
https://www.imdb.com/title/tt0339535/,Top Rated
https://www.imdb.com/title/tt5375100/,Top Rated
https://www.imdb.com/title/tt4641882/,Top Rated
https://www.imdb.com/title/tt5611648/,Top Rated
https://www.imdb.com/title/tt33343397/,Top Rated
https://www.imdb.com/title/tt3455224/,Top Rated
https://www.imdb.com/title/tt0361748/,Top Rated
https://www.imdb.com/title/tt0477348/,Top Rated
https://www.imdb.com/title/tt15554466/,Top Rated
https://www.imdb.com/title/tt33083848/,Top Rated
https://www.imdb.com/title/tt0122234/,Top Rated
https://www.imdb.com/title/tt3565744/,Top Rated
https://www.imdb.com/title/tt13840536/,Top Rated
https://www.imdb.com/title/tt0841119/,Top Rated
https://www.imdb.com/title/tt31722398/,Top Rated
https://www.imdb.com/title/tt0271857/,Top Rated
https://www.imdb.com/title/tt0096403/,Top Rated
https://www.imdb.com/title/tt21288778/,Top Rated
https://www.imdb.com/title/tt33319868/,Top Rated
https://www.imdb.com/title/tt4143508/,Top Rated
https://www.imdb.com/title/tt19811010/,Top Rated
https://www.imdb.com/title/tt15609374/,Top Rated
https://www.imdb.com/title/tt0209180/,Top Rated
https://www.imdb.com/title/tt25405130/,Top Rated
https://www.imdb.com/title/tt0103064/,Top Rated
https://www.imdb.com/title/tt1187043/,Top Rated
https://www.imdb.com/title/tt0180093/,Top Rated
https://www.imdb.com/title/tt0088196/,Top Rated
https://www.imdb.com/title/tt0114369/,Top Rated
https://www.imdb.com/title/tt0112641/,Top Rated
https://www.imdb.com/title/tt7838252/,Top Rated
https://www.imdb.com/title/tt6802522/,Top Rated
https://www.imdb.com/title/tt29342193/,Top Rated
https://www.imdb.com/title/tt5074352/,Top Rated
https://www.imdb.com/title/tt0172495/,Top Rated
https://www.imdb.com/title/tt3327994/,Top Rated
https://www.imdb.com/title/tt0091559/,Top Rated
https://www.imdb.com/title/tt1130884/,Top Rated
https://www.imdb.com/title/tt0081059/,Top Rated
https://www.imdb.com/title/tt0376076/,Top Rated
https://www.imdb.com/title/tt6864864/,Top Rated
https://www.imdb.com/title/tt0353496/,Top Rated
https://www.imdb.com/title/tt0816692/,Top Rated
https://www.imdb.com/title/tt0091288/,Top Rated
https://www.imdb.com/title/tt9430780/,Top Rated
https://www.imdb.com/title/tt0367110/,Top Rated
https://www.imdb.com/title/tt15398776/,Top Rated
https://www.imdb.com/title/tt7794052/,Top Rated
https://www.imdb.com/title/tt0263776/,Top Rated
https://www.imdb.com/title/tt0085743/,Top Rated
https://www.imdb.com/title/tt0081398/,Top Rated
https://www.imdb.com/title/tt10295212/,Top Rated
https://www.imdb.com/title/tt1653015/,Top Rated
https://www.imdb.com/title/tt10312668/,Top Rated
https://www.imdb.com/title/tt0211915/,Top Rated
https://www.imdb.com/title/tt0381681/,Top Rated
https://www.imdb.com/title/tt7638556/,Top Rated
https://www.imdb.com/title/tt9448868/,Top Rated
https://www.imdb.com/title/tt31986077/,Top Rated
https://www.imdb.com/title/tt8665624/,Top Rated
https://www.imdb.com/title/tt2075108/,Top Rated
https://www.imdb.com/title/tt11874226/,Top Rated
https://www.imdb.com/title/tt1821682/,Top Rated
https://www.imdb.com/title/tt1918969/,Top Rated
https://www.imdb.com/title/tt2414166/,Top Rated
https://www.imdb.com/title/tt13875460/,Top Rated
https://www.imdb.com/title/tt0311594/,Top Rated
https://www.imdb.com/title/tt22010428/,Top Rated
https://www.imdb.com/title/tt0291855/,Top Rated
https://www.imdb.com/title/tt4928620/,Top Rated
https://www.imdb.com/title/tt0263438/,Top Rated
https://www.imdb.com/title/tt0091763/,Top Rated
https://www.imdb.com/title/tt4849438/,Top Rated
https://www.imdb.com/title/tt7359702/,Top Rated
https://www.imdb.com/title/tt0107767/,Top Rated
https://www.imdb.com/title/tt0220656/,Top Rated
https://www.imdb.com/title/tt0253157/,Top Rated
https://www.imdb.com/title/tt0094590/,Top Rated
https://www.imdb.com/title/tt0187115/,Top Rated
https://www.imdb.com/title/tt2659414/,Top Rated
https://www.imdb.com/title/tt0396962/,Top Rated
https://www.imdb.com/title/tt0118011/,Top Rated
https://www.imdb.com/title/tt8933672/,Top Rated
https://www.imdb.com/title/tt0256951/,Top Rated
https://www.imdb.com/title/tt4679210/,Top Rated
https://www.imdb.com/title/tt1346516/,Top Rated
https://www.imdb.com/title/tt0965382/,Top Rated
https://www.imdb.com/title/tt1039647/,Top Rated
https://www.imdb.com/title/tt0986264/,Top Rated
https://www.imdb.com/title/tt0100234/,Top Rated
https://www.imdb.com/title/tt32260498/,Top Rated
https://www.imdb.com/title/tt5095506/,Top Rated
https://www.imdb.com/title/tt0282864/,Top Rated
https://www.imdb.com/title/tt33030375/,Top Rated
https://www.imdb.com/title/tt1621830/,Top Rated
https://www.imdb.com/title/tt26903085/,Top Rated
https://www.imdb.com/title/tt1789083/,Top Rated
https://www.imdb.com/title/tt2400377/,Top Rated
https://www.imdb.com/title/tt3153634/,Top Rated
https://www.imdb.com/title/tt27540185/,Top Rated
https://www.imdb.com/title/tt9742362/,Top Rated
https://www.imdb.com/title/tt1830802/,Top Rated
https://www.imdb.com/title/tt16747572/,Top Rated
https://www.imdb.com/title/tt0435761/,Top Rated
https://www.imdb.com/title/tt10300570/,Top Rated
https://www.imdb.com/title/tt29794647/,Top Rated
https://www.imdb.com/title/tt0110081/,Top Rated
https://www.imdb.com/title/tt6148156/,Top Rated
https://www.imdb.com/title/tt12865416/,Top Rated
https://www.imdb.com/title/tt6162808/,Top Rated
https://www.imdb.com/title/tt6019206/,Top Rated
https://www.imdb.com/title/tt1979320/,Top Rated
https://www.imdb.com/title/tt0086250/,Top Rated
https://www.imdb.com/title/tt30460694/,Top Rated
https://www.imdb.com/title/tt0382932/,Top Rated
https://www.imdb.com/title/tt0395169/,Top Rated
https://www.imdb.com/title/tt0388670/,Top Rated
https://www.imdb.com/title/tt32029878/,Top Rated
https://www.imdb.com/title/tt0105271/,Top Rated
https://www.imdb.com/title/tt0120735/,Top Rated
https://www.imdb.com/title/tt18163024/,Top Rated
https://www.imdb.com/title/tt30326556/,Top Rated
https://www.imdb.com/title/tt0087349/,Top Rated
https://www.imdb.com/title/tt0208092/,Top Rated
https://www.imdb.com/title/tt5559528/,Top Rated
https://www.imdb.com/title/tt0097165/,Top Rated
https://www.imdb.com/title/tt3863552/,Top Rated
https://www.imdb.com/title/tt0122227/,Top Rated
https://www.imdb.com/title/tt15097216/,Top Rated
https://www.imdb.com/title/tt0086182/,Top Rated
https://www.imdb.com/title/tt0140377/,Top Rated
https://www.imdb.com/title/tt27302079/,Top Rated
https://www.imdb.com/title/tt0319736/,Top Rated
https://www.imdb.com/title/tt0096283/,Top Rated
https://www.imdb.com/title/tt0252361/,Top Rated
https://www.imdb.com/title/tt5021536/,Top Rated
https://www.imdb.com/title/tt0101640/,Top Rated
https://www.imdb.com/title/tt0195231/,Top Rated
https://www.imdb.com/title/tt10214826/,Top Rated
https://www.imdb.com/title/tt12361178/,Top Rated
https://www.imdb.com/title/tt0364647/,Top Rated
https://www.imdb.com/title/tt33268763/,Top Rated
https://www.imdb.com/title/tt5335314/,Top Rated
https://www.imdb.com/title/tt22988228/,Top Rated
https://www.imdb.com/title/tt2582802/,Top Rated
https://www.imdb.com/title/tt33131012/,Top Rated
https://www.imdb.com/title/tt0255306/,Top Rated
https://www.imdb.com/title/tt8076222/,Top Rated
https://www.imdb.com/title/tt14152756/,Top Rated
https://www.imdb.com/title/tt0083922/,Top Rated
https://www.imdb.com/title/tt5569310/,Top Rated
https://www.imdb.com/title/tt0385928/,Top Rated
https://www.imdb.com/title/tt0113277/,Top Rated
https://www.imdb.com/title/tt0105695/,Top Rated
https://www.imdb.com/title/tt6155190/,Top Rated
https://www.imdb.com/title/tt1305806/,Top Rated
https://www.imdb.com/title/tt0290937/,Top Rated
https://www.imdb.com/title/tt13299890/,Top Rated
https://www.imdb.com/title/tt4899880/,Top Rated
https://www.imdb.com/title/tt7466810/,Top Rated
https://www.imdb.com/title/tt32130925/,Top Rated
https://www.imdb.com/title/tt4658770/,Top Rated
https://www.imdb.com/title/tt3185772/,Top Rated
https://www.imdb.com/title/tt0116860/,Top Rated
https://www.imdb.com/title/tt7231194/,Top Rated
https://www.imdb.com/title/tt10851618/,Top Rated
https://www.imdb.com/title/tt0829269/,Top Rated
https://www.imdb.com/title/tt16378034/,Top Rated
https://www.imdb.com/title/tt2245544/,Top Rated
https://www.imdb.com/title/tt5824826/,Top Rated
https://www.imdb.com/title/tt4633694/,Top Rated
https://www.imdb.com/title/tt8665634/,Top Rated
https://www.imdb.com/title/tt0338013/,Top Rated
https://www.imdb.com/title/tt15501640/,Top Rated
https://www.imdb.com/title/tt0120689/,Top Rated
https://www.imdb.com/title/tt21818816/,Top Rated
https://www.imdb.com/title/tt0192377/,Top Rated
https://www.imdb.com/title/tt8106568/,Top Rated
https://www.imdb.com/title/tt8579674/,Top Rated
https://www.imdb.com/title/tt3309038/,Top Rated
https://www.imdb.com/title/tt16899584/,Top Rated
https://www.imdb.com/title/tt0482571/,Top Rated
https://www.imdb.com/title/tt2358592/,Top Rated
https://www.imdb.com/title/tt1620933/,Top Rated
https://www.imdb.com/title/tt11989890/,Top Rated
https://www.imdb.com/title/tt14035048/,Top Rated
https://www.imdb.com/title/tt9881586/,Top Rated
https://www.imdb.com/title/tt21296906/,Top Rated
https://www.imdb.com/title/tt0109830/,Top Rated
https://www.imdb.com/title/tt3801314/,Top Rated
https://www.imdb.com/title/tt0230597/,Top Rated
https://www.imdb.com/title/tt26445355/,Top Rated
https://www.imdb.com/title/tt4016934/,Top Rated
https://www.imdb.com/title/tt2865822/,Top Rated
https://www.imdb.com/title/tt0434409/,Top Rated
https://www.imdb.com/title/tt0100332/,Top Rated
https://www.imdb.com/title/tt1496729/,Top Rated
https://www.imdb.com/title/tt0107207/,Top Rated
https://www.imdb.com/title/tt0117905/,Top Rated
https://www.imdb.com/title/tt3711164/,Top Rated
https://www.imdb.com/title/tt0089881/,Top Rated
https://www.imdb.com/title/tt0333388/,Top Rated
https://www.imdb.com/title/tt3170832/,Top Rated
https://www.imdb.com/title/tt0102015/,Top Rated
https://www.imdb.com/title/tt8413338/,Top Rated
https://www.imdb.com/title/tt1282371/,Top Rated
https://www.imdb.com/title/tt2564144/,Top Rated
https://www.imdb.com/title/tt15327088/,Top Rated
https://www.imdb.com/title/tt0407887/,Top Rated
https://www.imdb.com/title/tt11580854/,Top Rated
https://www.imdb.com/title/tt32491118/,Top Rated
https://www.imdb.com/title/tt0140090/,Top Rated
https://www.imdb.com/title/tt1601792/,Top Rated
https://www.imdb.com/title/tt0081104/,Top Rated
https://www.imdb.com/title/tt26675252/,Top Rated
https://www.imdb.com/title/tt0237820/,Top Rated
https://www.imdb.com/title/tt34623304/,Top Rated
https://www.imdb.com/title/tt7236034/,Top Rated
https://www.imdb.com/title/tt7019942/,Top Rated
https://www.imdb.com/title/tt0428870/,Top Rated
https://www.imdb.com/title/tt14888874/,Top Rated
https://www.imdb.com/title/tt7681902/,Top Rated
https://www.imdb.com/title/tt11469744/,Top Rated
https://www.imdb.com/title/tt0085913/,Top Rated
https://www.imdb.com/title/tt3417422/,Top Rated
https://www.imdb.com/title/tt8760684/,Top Rated
https://www.imdb.com/title/tt1773441/,Top Rated
https://www.imdb.com/title/tt0104810/,Top Rated
https://www.imdb.com/title/tt14923112/,Top Rated
https://www.imdb.com/title/tt0155124/,Top Rated
https://www.imdb.com/title/tt28266209/,Top Rated
https://www.imdb.com/title/tt29578220/,Top Rated
https://www.imdb.com/title/tt0357282/,Top Rated
https://www.imdb.com/title/tt0095327/,Top Rated
https://www.imdb.com/title/tt0383177/,Top Rated
https://www.imdb.com/title/tt23770418/,Top Rated
https://www.imdb.com/title/tt1424432/,Top Rated
https://www.imdb.com/title/tt1562872/,Top Rated
https://www.imdb.com/title/tt27426266/,Top Rated
https://www.imdb.com/title/tt2119532/,Top Rated
https://www.imdb.com/title/tt9130246/,Top Rated
https://www.imdb.com/title/tt1524539/,Top Rated
https://www.imdb.com/title/tt5275892/,Top Rated
https://www.imdb.com/title/tt5773402/,Top Rated
https://www.imdb.com/title/tt31853193/,Top Rated
https://www.imdb.com/title/tt0167260/,Top Rated
https://www.imdb.com/title/tt0214915/,Top Rated
https://www.imdb.com/title/tt0855822/,Top Rated
https://www.imdb.com/title/tt2125608/,Top Rated
https://www.imdb.com/title/tt9006564/,Top Rated
https://www.imdb.com/title/tt2078763/,Top Rated
https://www.imdb.com/title/tt32324638/,Top Rated
https://www.imdb.com/title/tt12820524/,Top Rated
https://www.imdb.com/title/tt0363510/,Top Rated
https://www.imdb.com/title/tt1754109/,Top Rated
https://www.imdb.com/title/tt1954470/,Top Rated
https://www.imdb.com/title/tt2545118/,Top Rated
https://www.imdb.com/title/tt3274484/,Top Rated
https://www.imdb.com/title/tt0253991/,Top Rated
https://www.imdb.com/title/tt3717882/,Top Rated
https://www.imdb.com/title/tt0383846/,Top Rated
https://www.imdb.com/title/tt2187153/,Top Rated
https://www.imdb.com/title/tt2354205/,Top Rated
https://www.imdb.com/title/tt0099043/,Top Rated
https://www.imdb.com/title/tt6120548/,Top Rated
https://www.imdb.com/title/tt0245929/,Top Rated
https://www.imdb.com/title/tt9231140/,Top Rated
https://www.imdb.com/title/tt0133093/,Top Rated
https://www.imdb.com/title/tt15137580/,Top Rated
https://www.imdb.com/title/tt22853444/,Top Rated
https://www.imdb.com/title/tt0169547/,Top Rated
https://www.imdb.com/title/tt0264464/,Top Rated
https://www.imdb.com/title/tt0892769/,Top Rated
https://www.imdb.com/title/tt27513017/,Top Rated
https://www.imdb.com/title/tt0268978/,Top Rated
https://www.imdb.com/title/tt8396492/,Top Rated
https://www.imdb.com/title/tt15192796/,Top Rated
https://www.imdb.com/title/tt28520479/,Top Rated
https://www.imdb.com/title/tt0173772/,Top Rated
https://www.imdb.com/title/tt7822438/,Top Rated
https://www.imdb.com/title/tt15193162/,Top Rated
https://www.imdb.com/title/tt1114271/,Top Rated
https://www.imdb.com/title/tt2499076/,Top Rated
https://www.imdb.com/title/tt9179430/,Top Rated
https://www.imdb.com/title/tt0266543/,Top Rated
https://www.imdb.com/title/tt28306789/,Top Rated
https://www.imdb.com/title/tt32080090/,Top Rated
https://www.imdb.com/title/tt28444513/,Top Rated
https://www.imdb.com/title/tt6827584/,Top Rated
https://www.imdb.com/title/tt4145178/,Top Rated
https://www.imdb.com/title/tt34881149/,Top Rated
https://www.imdb.com/title/tt0091251/,Top Rated
https://www.imdb.com/title/tt35157624/,Top Rated
https://www.imdb.com/title/tt0101649/,Top Rated
https://www.imdb.com/title/tt1583256/,Top Rated
https://www.imdb.com/title/tt0233234/,Top Rated
https://www.imdb.com/title/tt1814642/,Top Rated
https://www.imdb.com/title/tt2564706/,Top Rated
https://www.imdb.com/title/tt29041196/,Top Rated
https://www.imdb.com/title/tt0292246/,Top Rated
https://www.imdb.com/title/tt0134402/,Top Rated
https://www.imdb.com/title/tt4973112/,Top Rated
https://www.imdb.com/title/tt0184756/,Top Rated
https://www.imdb.com/title/tt6827298/,Top Rated
https://www.imdb.com/title/tt0237038/,Top Rated
https://www.imdb.com/title/tt0111341/,Top Rated
https://www.imdb.com/title/tt1853563/,Top Rated
https://www.imdb.com/title/tt7392212/,Top Rated
https://www.imdb.com/title/tt2417154/,Top Rated
https://www.imdb.com/title/tt9617456/,Top Rated
https://www.imdb.com/title/tt26758372/,Top Rated
https://www.imdb.com/title/tt0082971/,Top Rated
https://www.imdb.com/title/tt0112573/,Top Rated
https://www.imdb.com/title/tt7808072/,Top Rated
https://www.imdb.com/title/tt7060344/,Top Rated
https://www.imdb.com/title/tt0255289/,Top Rated
https://www.imdb.com/title/tt1068956/,Top Rated
https://www.imdb.com/title/tt6823268/,Top Rated
https://www.imdb.com/title/tt1201607/,Top Rated
https://www.imdb.com/title/tt2338151/,Top Rated
https://www.imdb.com/title/tt0367495/,Top Rated
https://www.imdb.com/title/tt1280558/,Top Rated
https://www.imdb.com/title/tt6679360/,Top Rated
https://www.imdb.com/title/tt3973410/,Top Rated
https://www.imdb.com/title/tt1320254/,Top Rated
https://www.imdb.com/title/tt12415546/,Top Rated
https://www.imdb.com/title/tt0248547/,Top Rated
https://www.imdb.com/title/tt34425112/,Top Rated
https://www.imdb.com/title/tt2991224/,Top Rated
https://www.imdb.com/title/tt8503618/,Top Rated
https://www.imdb.com/title/tt0353935/,Top Rated
https://www.imdb.com/title/tt4632316/,Top Rated
https://www.imdb.com/title/tt0271383/,Top Rated
https://www.imdb.com/title/tt6319654/,Top Rated
https://www.imdb.com/title/tt1255953/,Top Rated
https://www.imdb.com/title/tt0377575/,Top Rated
https://www.imdb.com/title/tt0871510/,Top Rated
https://www.imdb.com/title/tt9610262/,Top Rated
https://www.imdb.com/title/tt3028362/,Top Rated
https://www.imdb.com/title/tt28656365/,Top Rated
https://www.imdb.com/title/tt9500372/,Top Rated
https://www.imdb.com/title/tt26919016/,Top Rated
https://www.imdb.com/title/tt2391492/,Top Rated
https://www.imdb.com/title/tt13577982/,Top Rated
https://www.imdb.com/title/tt4851630/,Top Rated
https://www.imdb.com/title/tt0080678/,Top Rated
https://www.imdb.com/title/tt9310280/,Top Rated
https://www.imdb.com/title/tt2096673/,Top Rated
https://www.imdb.com/title/tt1205489/,Top Rated
https://www.imdb.com/title/tt7580570/,Top Rated
https://www.imdb.com/title/tt0119488/,Top Rated
https://www.imdb.com/title/tt33531981/,Top Rated
https://www.imdb.com/title/tt0102223/,Top Rated
https://www.imdb.com/title/tt2473476/,Top Rated
https://www.imdb.com/title/tt13458600/,Top Rated
https://www.imdb.com/title/tt15242712/,Top Rated
https://www.imdb.com/title/tt0092963/,Top Rated
https://www.imdb.com/title/tt23770642/,Top Rated
https://www.imdb.com/title/tt1375666/,Top Rated
https://www.imdb.com/title/tt0488836/,Top Rated
https://www.imdb.com/title/tt0112471/,Top Rated
https://www.imdb.com/title/tt28054637/,Top Rated
https://www.imdb.com/title/tt8396238/,Top Rated
https://www.imdb.com/title/tt8999372/,Top Rated
https://www.imdb.com/title/tt0187231/,Top Rated
https://www.imdb.com/title/tt1028532/,Top Rated
https://www.imdb.com/title/tt6054758/,Top Rated
https://www.imdb.com/title/tt0202055/,Top Rated
https://www.imdb.com/title/tt0422320/,Top Rated
https://www.imdb.com/title/tt12888462/,Top Rated
